,releaseYear,numVotes,titles_combined,type
0,1920,73693,The Cabinet of Dr. Caligari,film
1,1921,156817,The Kid | The Phantom Carriage,film + film
2,1923,24055,Safety Last!,film
3,1924,89725,Sherlock Jr. | The Last Laugh | Greed,film + film + film
4,1925,187926,The Gold Rush | Battleship Potemkin,film + film
5,1926,120718,The General | Faust,film + film
6,1927,250715,Metropolis | Sunrise,film + film
7,1928,116868,The Passion of Joan of Arc | The Circus | The Cameraman,film + film + film
8,1929,29295,Man with a Movie Camera,film
9,1930,70178,All Quiet on the Western Front,film
10,1931,385488,City Lights | M,film + film
11,1932,32034,I Am a Fugitive from a Chain Gang | Trouble in Paradise,film + film
12,1933,107993,King Kong | The Testament of Dr. Mabuse,film + film
13,1934,150939,It Happened One Night | The Thin Man,film + film
14,1936,301746,Modern Times | My Man Godfrey,film + film
15,1937,61943,The Grand Illusion | Make Way for Tomorrow | Captains Courageous,film + film + film
16,1938,80527,The Adventures of Robin Hood | Angels with Dirty Faces,film + film
17,1939,987158,"Gone with the Wind | The Wizard of Oz | Mr. Smith Goes to Washington | The Rules of the Game | The Roaring Twenties | Goodbye, Mr. Chips",film + film + film + film + film + film
18,1940,556376,The Great Dictator | Rebecca | The Grapes of Wrath | The Shop Around the Corner,film + film + film + film
19,1941,697867,Citizen Kane | The Maltese Falcon | Sullivan's Travels | The Little Foxes,film + film + film + film
20,1942,707792,Casablanca | To Be or Not to Be | The Ox-Bow Incident,film + film + film
21,1943,29122,Day of Wrath | The Life and Death of Colonel Blimp,film + film
22,1944,306457,Double Indemnity | Arsenic and Old Lace | Laura,film + film + film
23,1945,173066,"Children of Paradise | Brief Encounter | Rome, Open City | The Lost Weekend | Mildred Pierce",film + film + film + film + film
24,1946,865003,It's a Wonderful Life | The Best Years of Our Lives | A Matter of Life and Death | Notorious | The Big Sleep | Beauty and the Beast,film + film + film + film + film + film
25,1947,100863,Out of the Past | Miracle on 34th Street,film + film
26,1948,526581,Bicycle Thieves | The Treasure of the Sierra Madre | The Red Shoes | Rope,film + film + film + film
27,1949,307397,Late Spring | The Third Man | White Heat | The Heiress | Kind Hearts and Coronets,film + film + film + film + film
28,1950,705626,Sunset Boulevard | Rashomon | All About Eve | The Young and the Damned | Harvey | In a Lonely Place,film + film + film + film + film + film
29,1951,372426,Ace in the Hole | A Christmas Carol | Early Summer | Strangers on a Train | A Streetcar Named Desire | I Love Lucy,film + film + film + film + film + serie
30,1952,551037,Singin' in the Rain | Ikiru | Umberto D. | Limelight | Forbidden Games | High Noon,film + film + film + film + film + film
31,1953,429430,Tokyo Story | The Wages of Fear | Ugetsu | Roman Holiday | Stalag 17 | The Big Heat | The Earrings of Madame De...,film + film + film + film + film + film + film
32,1954,1394839,Seven Samurai | Rear Window | Sansho the Bailiff | Dial M for Murder | On the Waterfront | La Strada,film + film + film + film + film + film
33,1955,291360,Pather Panchali | Ordet | Diabolique | Rififi | The Night of the Hunter | Alfred Hitchcock Presents,film + film + film + film + film + serie
34,1956,229936,A Man Escaped | Aparajito | The Killing | The Ten Commandments,film + film + film + film
35,1957,2086486,12 Angry Men | Paths of Glory | Witness for the Prosecution | The Cranes Are Flying | A Face in the Crowd | The Bridge on the River Kwai | The Seventh Seal | Wild Strawberries | Nights of Cabiria | Throne of Blood | Sweet Smell of Success | Perry Mason,film + film + film + film + film + film + film + film + film + film + film + serie
36,1958,756183,Vertigo | The Hidden Fortress | Touch of Evil | Cat on a Hot Tin Roof | Elevator to the Gallows | The Big Country | A Night to Remember | Auntie Mame | Big Deal on Madonna Street,film + film + film + film + film + film + film + film + film
37,1959,1340841,The Human Condition I: No Greater Love | The World of Apu | North by Northwest | Some Like It Hot | Ballad of a Soldier | Ben-Hur | The 400 Blows | Anatomy of a Murder | Rio Bravo | The Twilight Zone,film + film + film + film + film + film + film + film + film + serie
38,1960,1379543,Psycho | The Hole | The Apartment | Rocco and His Brothers | Inherit the Wind | La Dolce Vita | The Virgin Spring | The Bad Sleep Well | Spartacus | The Bugs Bunny Show | The Andy Griffith Show,film + film + film + film + film + film + film + film + film + serie + serie
39,1961,438815,Judgment at Nuremberg | Yojimbo | Viridiana | A Raisin in the Sun | The Hustler | Through a Glass Darkly | La Notte | Divorce Italian Style | The Dick Van Dyke Show,film + film + film + film + film + film + film + film + serie
40,1962,1157377,Harakiri | To Kill a Mockingbird | Lawrence of Arabia | The Easy Life | The Man Who Shot Liberty Valance | The Miracle Worker | What Ever Happened to Baby Jane? | Sanjuro | Ivan's Childhood | The Exterminating Angel | An Autumn Afternoon | The Manchurian Candidate,film + film + film + film + film + film + film + film + film + film + film + film
41,1963,561974,High and Low | The Great Escape | 8½ | Winter Light | The Leopard | Doctor Who,film + film + film + film + film + serie
42,1964,915165,Woman in the Dunes | Dr. Strangelove or: How I Learned to Stop Worrying and Love the Bomb | I Am Cuba | Fail Safe | A Fistful of Dollars | Onibaba | Kwaidan | The Addams Family,film + film + film + film + film + film + film + serie
43,1965,715059,Operation 'Y' & Other Shurik's Adventures | Red Beard | For a Few Dollars More | The Shop on Main Street | The Sound of Music | Doctor Zhivago | Get Smart,film + film + film + film + film + film + serie
44,1966,1350321,"The Good, the Bad and the Ugly | The Battle of Algiers | Persona | Who's Afraid of Virginia Woolf? | Andrei Rublev | Don't Look Now... We're Being Shot At! | The Sword of Doom | The Face of Another | Star Trek",film + film + film + film + film + film + film + film + serie
45,1967,728890,"Samurai Rebellion | Kidnapping, Caucasian Style | The Graduate | Cool Hand Luke | Le Samouraï | In the Heat of the Night | In Cold Blood | Bob Dylan: Dont Look Back | The Prisoner",film + film + film + film + film + film + film + film + serie
46,1968,1616365,Once Upon a Time in the West | 2001: A Space Odyssey | Rosemary's Baby | Planet of the Apes | Shame | Mister Rogers' Neighborhood | The Bugs Bunny/Road Runner Hour,film + film + film + film + film + serie + serie
47,1969,539198,The Diamond Arm | Z | Army of Shadows | Butch Cassidy and the Sundance Kid | The Cremator | The Wild Bunch | Kes | Monty Python's Flying Circus | Sesame Street,film + film + film + film + film + film + film + serie + serie
48,1970,223310,Woodstock | Investigation of a Citizen Above Suspicion | Patton | The Conformist | Le cercle rouge | The Mary Tyler Moore Show,film + film + film + film + film + serie
49,1971,1218685,Gentlemen of Fortune | A Clockwork Orange | Anand | The Last Picture Show | Fiddler on the Roof | Harold and Maude | All in the Family | Columbo,film + film + film + film + film + film + serie + serie
50,1972,2419606,The Godfather | Pink Floyd: Live at Pompeii | Solaris | Sleuth | Cries & Whispers | El Chavo del Ocho | M*A*S*H,film + film + film + film + film + serie + serie
51,1973,1075474,My Dear Brother | The Sting | Ivan Vasilyevich Changes His Profession | The Exorcist | Paper Moon | Papillon | Day for Night | The World at War | Scenes from a Marriage,film + film + film + film + film + film + film + serie + serie
52,1974,2058785,The Godfather Part II | From the Village to the City | Chinatown | Young Frankenstein | A Woman Under the Influence | Ali: Fear Eats the Soul | The Rockford Files,film + film + film + film + film + film + serie
53,1975,3309755,The Chaos Class | One Flew Over the Cuckoo's Nest | The Chaos Class Failed the Class | The Pinchcliffe Grand Prix | Chupke Chupke | Monty Python and the Holy Grail | Dersu Uzala | Jaws | Barry Lyndon | Sholay | Dog Day Afternoon | Deewaar | Mirror | Fawlty Towers | Saturday Night Live,film + film + film + film + film + film + film + film + film + film + film + film + film + serie + serie
54,1976,2164193,"Tosun Pasha | The Message | The Foster Brothers | The Chaos Class Is Waking Up | King of the Doormen | Taxi Driver | Rocky | Network | The Message | All the President's Men | Cría Cuervos | I, Claudius | The Muppet Show",film + film + film + film + film + film + film + film + film + film + film + serie + serie
55,1977,1975857,"Saban, Son of Saban | Star Wars: Episode IV - A New Hope | The Chaos Class Is on Vacation | The King of the Street Cleaners | The Girl with the Red Scarf | The Ascent | Office Romance | A Special Day | Annie Hall | Mind Your Language | Jesus of Nazareth | Roots",film + film + film + film + film + film + film + film + film + serie + serie + serie
56,1978,505908,"Happy Days | Feyzo, the Polite One | The Deer Hunter | Autumn Sonata | The Last Waltz | Top Gear | WKRP in Cincinnati",film + film + film + film + film + serie + serie
57,1979,2457887,Alien | Gol Maal | Apocalypse Now | Monty Python's Life of Brian | Stalker | Being There | Tinker Tailor Soldier Spy,film + film + film + film + film + film + serie
58,1980,3709123,Star Wars: Episode V - The Empire Strikes Back | Who's Singin' Over There? | Zübük | The Shining | The Elephant Man | Lion of the Desert | Raging Bull | Moscow Does Not Believe in Tears | The Blues Brothers | Kagemusha: The Shadow Warrior | Pixote | Cosmos | Yes Minister | Shogun,film + film + film + film + film + film + film + film + film + film + film + serie + serie + serie
59,1981,1442101,Raiders of the Lost Ark | Das Boot | Only Fools and Horses | Hill Street Blues | The Hitch Hiker's Guide to the Galaxy,film + film + serie + serie + serie
60,1982,2518432,The Marathon Family | The Thing | Koyaanisqatsi | Blade Runner | Fanny and Alexander | Gandhi | Pink Floyd: The Wall | Abbas in Flower | E.T. the Extra-Terrestrial | Fitzcarraldo | Yol | 'Allo 'Allo! | Police Squad! | The Young Ones | Cheers | Blackadder,film + film + film + film + film + film + film + film + film + film + film + serie + serie + serie + serie + serie
61,1983,2361849,Star Wars: Episode VI - Return of the Jedi | Scarface | Jaane Bhi Do Yaaro | A Christmas Story | Nostalghia,film + film + film + film + film
62,1984,2848314,"Balkan Spy | Stop Making Sense | Amadeus | Once Upon a Time in America | The Terminator | Paris, Texas | Nausicaä of the Valley of the Wind | This Is Spinal Tap | Ghostbusters | The Adventures of Sherlock Holmes | The Transformers",film + film + film + film + film + film + film + film + film + serie + serie
63,1985,2309148,"Shoah | The Broken Landlord | Back to the Future | Come and See | Ran | Tampopo | Mishima: A Life in Four Chapters | The Breakfast Club | Das Boot | Anne of Green Gables | The Bugs Bunny/Looney Tunes Comedy Hour | The Golden Girls | North & South: Book 1, North & South",film + film + film + film + film + film + film + film + serie + serie + serie + serie + serie
64,1986,2190240,"Aliens | Cat City | Stand by Me | Platoon | Jean de Florette | Castle in the Sky | Manon of the Spring | The Sacrifice | The Return of Sherlock Holmes | Blackadder II | Yes, Prime Minister | Dragon Ball | Saint Seiya: Knights of the Zodiac",film + film + film + film + film + film + film + film + serie + serie + serie + serie + serie
65,1987,2357904,Nayakan | Mr. Muhsin | Full Metal Jacket | Where Is the Friend's House? | The Princess Bride | Au Revoir les Enfants | Wings of Desire | Predator | Ramayan | Star Trek: The Next Generation | Blackadder the Third | Anne of Avonlea | A Bit of Fry and Laurie | Inspector Morse | Married... with Children | DuckTales,film + film + film + film + film + film + film + film + serie + serie + serie + serie + serie + serie + serie + serie
66,1988,3118502,Grave of the Fireflies | Cinema Paradiso | Die Hard | My Neighbor Totoro | Time of the Gypsies | A Short Film About Love | Rain Man | Akira | A Short Film About Killing | The Thin Blue Line | Salaam Bombay! | Landscape in the Mist | Mahabharat | Mystery Science Theater 3000 | The Wonder Years | Red Dwarf | The Kids in the Hall,film + film + film + film + film + film + film + film + film + film + film + film + serie + serie + serie + serie + serie
67,1989,3317393,Indiana Jones and the Last Crusade | Dead Poets Society | Do the Right Thing | Back to the Future Part II | Seinfeld | Dekalog | Dragon Ball Z | Blackadder Goes Forth | Lonesome Dove | The Simpsons | Poirot | Quantum Leap | Tales from the Crypt,film + film + film + film + serie + serie + serie + serie + serie + serie + serie + serie + serie
68,1990,2855680,Goodfellas | Close-Up | Paris Is Burning | Dances with Wolves | Edward Scissorhands | The Civil War | Twin Peaks | Mr. Bean | House of Cards | Northern Exposure | Jeeves and Wooster | Are You Afraid of the Dark? | In Living Color | The Fresh Prince of Bel-Air,film + film + film + film + film + serie + serie + serie + serie + serie + serie + serie + serie + serie
69,1991,3675022,The Silence of the Lambs | Terminator 2: Judgment Day | Thalapathi | A Brighter Summer Day | Raise the Red Lantern | Hearts of Darkness: A Filmmaker's Apocalypse | Beauty and the Beast | JFK | The Adventures of Tintin | Bottom,film + film + film + film + film + film + film + film + serie + serie
70,1992,2744294,Baraka | Reservoir Dogs | Unforgiven | Jo Jeeta Wohi Sikandar | Roja | Aladdin | Scent of a Woman | Batman: The Animated Series | Yu Yu Hakusho: Ghost Files | X-Men | The Adventures of Pete & Pete | Absolutely Fabulous,film + film + film + film + film + film + film + serie + serie + serie + serie + serie
71,1993,5128924,"Ramayana: The Legend of Prince Rama | Schindler's List | Manichithrathazhu | Jurassic Park | In the Name of the Father | Farewell My Concubine | Groundhog Day | The Nightmare Before Christmas | True Romance | Carlito's Way | Blood In, Blood Out | Tash Ma Tash | Homicide: Life on the Street | The X-Files | Babylon 5 | Frasier | Late Night with Conan O'Brien | Star Trek: Deep Space Nine | Boy Meets World",film + film + film + film + film + film + film + film + film + film + film + serie + serie + serie + serie + serie + serie + serie + serie
72,1994,11968194,The Shawshank Redemption | Forrest Gump | Pulp Fiction | Léon: The Professional | The Lion King | Hoop Dreams | To Live | Satantango | Three Colors: Red | Andaz Apna Apna | Crumb | Chungking Express | Once Were Warriors | Friends | Spider-Man: The Animated Series | My So-Called Life | The Kingdom | Gargoyles | The Vicar of Dibley,film + film + film + film + film + film + film + film + film + film + film + film + film + serie + serie + serie + serie + serie + serie
73,1995,8657859,Se7en | The Usual Suspects | Braveheart | Toy Story | Heat | Baasha | Casino | Before Sunrise | La haine | Bombay | 12 Monkeys | Dilwale Dulhania Le Jayenge | Underground | Ghost in the Shell | Love Letter | Pride and Prejudice | Father Ted | Neon Genesis Evangelion | Dragon Ball | Mr. Show with Bob and David | NewsRadio,film + film + film + film + film + film + film + film + film + film + film + film + film + film + film + serie + serie + serie + serie + serie + serie
74,1996,2089969,"Pretty Village, Pretty Flame | Paradise Lost: The Child Murders at Robin Hood Hills | Fargo | Trainspotting | The Bandit | Indian | Sling Blade | Secrets & Lies | When We Were Kings | Microcosmos | Dragon Ball Z | Rurouni Kenshin | Detective Conan | The Daily Show | Superman: The Animated Series",film + film + film + film + film + film + film + film + film + film + serie + serie + serie + serie + serie
75,1997,5976807,Life Is Beautiful | Good Will Hunting | Princess Mononoke | L.A. Confidential | Children of Heaven | Neon Genesis Evangelion: The End of Evangelion | Innocence | Perfect Blue | Titanic | Boogie Nights | Black Hawk Down | Border | South Park | Oz | Berserk | I'm Alan Partridge | Brass Eye | Stargate SG-1 | The New Batman Adventures | Buffy the Vampire Slayer | Daria | Spawn,film + film + film + film + film + film + film + film + film + film + film + film + serie + serie + serie + serie + serie + serie + serie + serie + serie + serie
76,1998,6452686,"Saving Private Ryan | American History X | The Truman Show | Satya | The Big Lebowski | Lock, Stock and Two Smoking Barrels | Everything's Gonna Be Great | The Celebration | The Legend of 1900 | Black Cat, White Cat | Central Station | The Wounds | On Board | Eternity and a Day | Cowboy Bebop | Whose Line Is It Anyway? | From the Earth to the Moon | Trigun | That '70s Show | Serial Experiments Lain",film + film + film + film + film + film + film + film + film + film + film + film + film + film + serie + serie + serie + serie + serie + serie
77,1999,12136430,Fight Club | The Matrix | The Green Mile | American Beauty | The Sixth Sense | The Iron Giant | Sarfarosh | The Color of Paradise | Magnolia | The Straight Story | Vaastav: The Reality | Toy Story 2 | The Sopranos | One Piece | The West Wing | Freaks and Geeks | Rurouni Kenshin: Reminiscence | Hunter x Hunter | Futurama | Spaced | Great Teacher Onizuka | The League of Gentlemen | Courage the Cowardly Dog | Farscape | SpongeBob SquarePants | Home Movies | Family Guy | Law & Order: Special Victims Unit | Batman Beyond | Third Watch,film + film + film + film + film + film + film + film + film + film + film + film + serie + serie + serie + serie + serie + serie + serie + serie + serie + serie + serie + serie + serie + serie + serie + serie + serie + serie
78,2000,7782154,"A Dog's Will | Gladiator | Memento | Requiem for a Dream | Snatch | Hera Pheri | In the Mood for Love | Yi Yi | Amores Perros | Hey Ram | Almost Famous | Crouching Tiger, Hidden Dragon | Dancer in the Dark | Nine Queens | Werckmeister Harmonies | Cast Away | Curb Your Enthusiasm | Fighting Spirit | Coupling | Queer as Folk | Black Books | Gilmore Girls | Malcolm in the Middle | The 10th Kingdom | FLCL | Da Ali G Show | Harvey Birdman, Attorney at Law",film + film + film + film + film + film + film + film + film + film + film + film + film + film + film + film + serie + serie + serie + serie + serie + serie + serie + serie + serie + serie + serie
79,2001,10419599,"The Lord of the Rings: The Fellowship of the Ring | Spirited Away | Amélie | A Beautiful Mind | Monsters, Inc. | Lagaan: Once Upon a Time in India | Donnie Darko | Dil Chahta Hai | Vizontele | Stanley Kubrick: A Life in Pictures | Shrek | Mulholland Drive | My Sassy Girl | No Man's Land | Winged Migration | Training Day | Band of Brothers | The Blue Planet | Six Feet Under | The Office | Samurai Jack | Justice League | Trailer Park Boys | Scrubs | 24 | Invader ZIM",film + film + film + film + film + film + film + film + film + film + film + film + film + film + film + film + serie + serie + serie + serie + serie + serie + serie + serie + serie + serie
80,2002,7427292,The Lord of the Rings: The Two Towers | City of God | The Pianist | Philanthropy | Frozen Stiff | Catch Me If You Can | The Twilight Samurai | The Legend of Bhagat Singh | Day of the Wacko | Bowling for Columbine | Infernal Affairs | Hero | Talk to Her | Company | The Bourne Identity | The Wire | Firefly | Still Game | Top Gear | The Shield | Foyle's War | Ghost in the Shell: Stand Alone Complex | Naruto | MI-5 | Law of the Lawless | Wire in the Blood | Monk | Kenny vs. Spenny,film + film + film + film + film + film + film + film + film + film + film + film + film + film + film + serie + serie + serie + serie + serie + serie + serie + serie + serie + serie + serie + serie + serie
81,2003,9792549,"The Lord of the Rings: The Return of the King | Anbe Sivam | The Best of Youth | Oldboy | Kill Bill: Vol. 1 | Finding Nemo | Pirates of the Caribbean: The Curse of the Black Pearl | Memories of Murder | Munna Bhai M.B.B.S. | Big Fish | Dogville | Spring, Summer, Fall, Winter... and Spring | The Fog of War | The Corporation | Maqbool | Okkadu | Mystic River | Kal Ho Naa Ho | The Return | Touching the Void | The Last Samurai | Chappelle's Show | Peep Show | Arrested Development | QI | The Venture Bros. | Battlestar Galactica | Fullmetal Alchemist | Carnivàle | The Mighty Boosh | MythBusters | State of Play | Penn & Teller: Bullshit! | Dead Like Me | Angels in America | The Valley of the Wolves | Reno 911!",film + film + film + film + film + film + film + film + film + film + film + film + film + film + film + film + film + film + film + film + film + serie + serie + serie + serie + serie + serie + serie + serie + serie + serie + serie + serie + serie + serie + serie + serie
82,2004,10098823,"The Lizard | Black Friday | When I Grow Up, I'll Be a Kangaroo | Eternal Sunshine of the Spotless Mind | Howl's Moving Castle | Downfall | Swades | Ghilli | Million Dollar Baby | Hotel Rwanda | Before Sunset | A Moment to Remember | The Incredibles | Kill Bill: Vol. 2 | The Sea Inside | G.O.R.A. | Tae Guk Gi: The Brotherhood of War | Nobody Knows | Turtles Can Fly | Harry Potter and the Prisoner of Azkaban | Shaun of the Dead | 3-Iron | The Notebook | Sarabhai V/S Sarabhai | House | Battlestar Galactica | Monster | Justice League Unlimited | Deadwood | Avrupa Yakasi | Long Way Round | Samurai Champloo | Boston Legal | North & South | Garth Marenghi's Darkplace | The Angry Video Game Nerd | Entourage | Doc Martin | Stromberg | Lost | Veronica Mars | Rescue Me | Wonderfalls | Green Wing | Bleach | Hustle | Farscape: The Peacekeeper Wars | Stargate: Atlantis | Shameless | Paranoia Agent",film + film + film + film + film + film + film + film + film + film + film + film + film + film + film + film + film + film + film + film + film + film + film + serie + serie + serie + serie + serie + serie + serie + serie + serie + serie + serie + serie + serie + serie + serie + serie + serie + serie + serie + serie + serie + serie + serie + serie + serie + serie + serie
83,2005,8559881,Earthlings | Anniyan | Batman Begins | My Father and My Son | Athadu | V for Vendetta | Black | Pardon | Iqbal | Sin City | Cinderella Man | Metal: A Headbanger's Journey | Why We Fight | The Devil and Daniel Johnston | Avatar: The Last Airbender | The Office | It's Always Sunny in Philadelphia | Rome | The Thick of It | Gintama | Doctor Who | The Boondocks | Barareh Nights | Mushi-Shi | Supernatural | The Colbert Report | The Late Late Show with Craig Ferguson | How I Met Your Mother | Prison Break | Extras | Bleak House | Criminal Minds | Weeds,film + film + film + film + film + film + film + film + film + film + film + film + film + film + serie + serie + serie + serie + serie + serie + serie + serie + serie + serie + serie + serie + serie + serie + serie + serie + serie + serie + serie
84,2006,9822840,Kill Bill: The Whole Bloody Affair | The Prestige | The Departed | The Lives of Others | Pan's Labyrinth | Khosla Ka Ghosla! | Bommarillu | Rang De Basanti | Casino Royale | Blood Diamond | The Pursuit of Happyness | Lage Raho Munna Bhai | Omkara | Pokiri | Children of Men | Deliver Us from Evil | Little Miss Sunshine | Planet Earth | Death Note | Code Geass | Friday Night Lights | Dexter | The IT Crowd | Psych | Life on Mars | 30 Rock | Studio 60 on the Sunset Strip | Jane Eyre | Kursadzije | Metalocalypse | Hellsing Ultimate | Inspector Lewis | The Lost Room | The Unit | Man vs. Wild | Ouran High School Host Club,film + film + film + film + film + film + film + film + film + film + film + film + film + film + film + film + film + serie + serie + serie + serie + serie + serie + serie + serie + serie + serie + serie + serie + serie + serie + serie + serie + serie + serie + serie
85,2007,8501070,"Like Stars on Earth | No Country for Old Men | There Will Be Blood | Ratatouille | Chak De! India | Into the Wild | The Bourne Ultimatum | Elite Squad | The Diving Bell and the Butterfly | Persepolis | Sicko | The King of Kong: A Fistful of Quarters | 4 Months, 3 Weeks and 2 Days | Jab We Met | The Class | Earth | The Trap | Hot Fuzz | American Gangster | Mad Men | Naruto: Shippuden | Flight of the Conchords | Summer Heights High | Pushing Daisies | The Killing | Heartland | The Graham Norton Show | Californication | Life | Gurren Lagann | Cranford | Chuck | Skins | Gavin & Stacey | Shaun the Sheep | Clannad | Baccano! | The Guild | Would I Lie to You? | The Big Bang Theory | The Tudors | Phineas and Ferb | Damages | The Black Donnellys | Outnumbered | Burn Notice | Claymore",film + film + film + film + film + film + film + film + film + film + film + film + film + film + film + film + film + film + film + serie + serie + serie + serie + serie + serie + serie + serie + serie + serie + serie + serie + serie + serie + serie + serie + serie + serie + serie + serie + serie + serie + serie + serie + serie + serie + serie + serie
86,2008,13451220,The Dark Knight | Dear Zachary: A Letter to a Son About His Father | WALL·E | Vaaranam Aayiram | Gran Torino | A Wednesday | Slumdog Millionaire | Ip Man | Waltz with Bashir | Departures | Love Exposure | Iron Man | In Bruges | The Wrestler | The Stoning of Soraya M. | Still Walking | Anvil: The Story of Anvil | Cars of the Revolution | The Song of Sparrows | The Curious Case of Benjamin Button | Breaking Bad | Sons of Anarchy | Fringe | The Heroes | Star Wars: The Clone Wars | The Inbetweeners | Generation Kill | Dr. Horrible's Sing-Along Blog | John Adams | The Spectacular Spider-Man | In Treatment | Between Two Ferns with Zach Galifianakis | The Mentalist | Murdoch Mysteries | Taarak Mehta Ka Ooltah Chashmah | Little Dorrit | Ashes to Ashes | Sense & Sensibility | Wolverine and the X-Men | True Blood,film + film + film + film + film + film + film + film + film + film + film + film + film + film + film + film + film + film + film + film + serie + serie + serie + serie + serie + serie + serie + serie + serie + serie + serie + serie + serie + serie + serie + serie + serie + serie + serie + serie
87,2009,10070343,Home | Inglourious Basterds | 3 Idiots | The Cove | Up | The Secret in Their Eyes | Hachi: A Dog's Tale | Mary and Max | The Breath | Castaway on the Moon | Gulaal | Avatar | District 9 | Star Trek | Fantastic Mr. Fox | About Elly | Dev.D | Evangelion: 2.0 You Can (Not) Advance | Fullmetal Alchemist: Brotherhood | Life | Apocalypse: The Second World War | Parks and Recreation | Archer | Ezel | Modern Family | Community | Southland | RuPaul's Drag Race | The Good Wife | Dragon Ball Z Kai | White Collar | Misfits | Eastbound & Down | The League | Party Down | Better Off Ted | Miranda | Castle | Emma | Lie to Me | United States of Tara,film + film + film + film + film + film + film + film + film + film + film + film + film + film + film + film + film + film + serie + serie + serie + serie + serie + serie + serie + serie + serie + serie + serie + serie + serie + serie + serie + serie + serie + serie + serie + serie + serie + serie + serie
88,2010,13337186,Inception | Senna | Toy Story 3 | Incendies | Shutter Island | Inside Job | How to Train Your Dragon | Udaan | Montevideo: Taste of a Dream | Black Swan | The King's Speech | Elite Squad 2: The Enemy Within | Ask Your Heart | My Name Is Khan | Exit Through the Gift Shop | The Social Network | Sherlock | Behzat Ç: An Ankara Detective Story | Downton Abbey | Boardwalk Empire | Justified | Adventure Time | Regular Show | Young Justice | Through the Wormhole | The Great British Baking Show | Spartacus | Louie | Borgen | Luther | The Ricky Gervais Show | The Pacific | Blue Mountain State | Parenthood | An Idiot Abroad | The Avengers: Earth's Mightiest Heroes | Treme | This Is England '86 | Terriers | Millennium | Conan | Scooby-Doo! Mystery Incorporated | The Walking Dead | Raising Hope | Strike Back | The Big C | Gönülçelen | The Pillars of the Earth | Ugly Americans,film + film + film + film + film + film + film + film + film + film + film + film + film + film + film + film + serie + serie + serie + serie + serie + serie + serie + serie + serie + serie + serie + serie + serie + serie + serie + serie + serie + serie + serie + serie + serie + serie + serie + serie + serie + serie + serie + serie + serie + serie + serie + serie + serie
89,2011,11139404,The Phantom of the Opera at the Royal Albert Hall | The Intouchables | Samsara | A Separation | Zindagi Na Milegi Dobara | Harry Potter and the Deathly Hallows: Part 2 | Warrior | The Help | Zeitgeist: Moving Forward | George Harrison: Living in the Material World | Silenced | My Grandfather's People | Paradise Lost 3: Purgatory | Drive | The Girl with the Dragon Tattoo | Game of Thrones | The Filthy Frank Show | Hunter x Hunter | Leyla and Mecnun | Frozen Planet | Human Planet | Undercover | Steins;Gate | Black Mirror | The Bridge | Shameless | Person of Interest | Spartacus: Gods of the Arena | Impractical Jokers | Suits | The Amazing World of Gumball | Top Boy | Homeland | The Killing | Hell on Wheels | This Is England '88 | Gran Hotel | Bob's Burgers | Friday Night Dinner | Vera | Fate/Zero | Puella Magi Madoka Magica | Workaholics | Boss | Anohana: The Flower We Saw That Day | The Hour | Scott & Bailey | American Horror Story | Grimm,film + film + film + film + film + film + film + film + film + film + film + film + film + film + film + serie + serie + serie + serie + serie + serie + serie + serie + serie + serie + serie + serie + serie + serie + serie + serie + serie + serie + serie + serie + serie + serie + serie + serie + serie + serie + serie + serie + serie + serie + serie + serie + serie + serie
90,2012,10475436,Django Unchained | The Dark Knight Rises | The Hunt | Gangs of Wasseypur | Searching for Sugar Man | The Act of Killing | Paan Singh Tomar | Shahid | Ustad Hotel | Barfi! | OMG: Oh My God! | Kahaani | Wolf Children | Thuppakki | The Avengers | Life of Pi | The Perks of Being a Wallflower | Amour | Marley | West of Memphis | The Hobbit: An Unexpected Journey | Skyfall | Gravity Falls | Line of Duty | The Newsroom | Endeavour | Call the Midwife | Isler Güçler | JoJo's Bizarre Adventure | The Eric Andre Show | RuPaul's Drag Race All Stars | Veep | The Legend of Korra | Longmire | Key and Peele | Miss Fisher's Murder Mysteries | Kuroko's Basketball | Toast of London | Derek | Psycho-Pass | Ripper Street | Rita | Chicago Fire | The Returned | Comedians in Cars Getting Coffee | Elementary,film + film + film + film + film + film + film + film + film + film + film + film + film + film + film + film + film + film + film + film + film + film + serie + serie + serie + serie + serie + serie + serie + serie + serie + serie + serie + serie + serie + serie + serie + serie + serie + serie + serie + serie + serie + serie + serie + serie
91,2013,13131291,Drishyam | Lucia | Soodhu Kavvum | The Wolf of Wall Street | Prisoners | Bhaag Milkha Bhaag | Hope | 12 Years a Slave | Rush | Blackfish | Queen | Tangerines | Miracle in Cell No. 7 | Her | Special 26 | The Tale of The Princess Kaguya | Jodorowsky's Dune | Dallas Buyers Club | Before Midnight | Short Term 12 | Vishwaroopam | Ugly | Ankhon Dekhi | The Hobbit: The Desolation of Smaug | Captain Phillips | Rick and Morty | Attack on Titan | Mahabharat | Nathan for You | Africa | Peaky Blinders | House of Cards | Wentworth | Vikings | Hannibal | Please Like Me | Brooklyn Nine-Nine | Banshee | The Americans | Utopia | Generation War | My Mad Fat Diary | Whose Line Is It Anyway? | Broadchurch | Orphan Black | Ray Donovan | Shetland | Rectify | The Originals | My Love from Another Star | 20 Dakika | The Fall | Bates Motel | Steven Universe | Vicious | Orange Is the New Black | The Goldbergs | The Blacklist,film + film + film + film + film + film + film + film + film + film + film + film + film + film + film + film + film + film + film + film + film + film + film + film + film + serie + serie + serie + serie + serie + serie + serie + serie + serie + serie + serie + serie + serie + serie + serie + serie + serie + serie + serie + serie + serie + serie + serie + serie + serie + serie + serie + serie + serie + serie + serie + serie + serie
92,2014,15715994,Interstellar | Whiplash | The Salt of the Earth | Bangalore Days | The Look of Silence | Jigarthanda | Gone Girl | The Grand Budapest Hotel | Wild Tales | PK | Endless Corridor | Kaththi | Cowspiracy: The Sustainability Secret | Virunga | Guardians of the Galaxy | The Imitation Game | Song of the Sea | Mommy | Haider | Citizenfour | Winter Sleep | The Blue Elephant | The Internet's Own Boy: The Story of Aaron Swartz | The Fool | Edge of Tomorrow | X-Men: Days of Future Past | Boyhood | The Raid 2 | 1: Nenokkadine | The Way He Looks | Manam | Nightcrawler | Big Hero 6 | Tree of Life | Cosmos: A Spacetime Odyssey | Çilgin Dersane at the University | True Detective | Fargo | BoJack Horseman | Last Week Tonight with John Oliver | Over the Garden Wall | Haikyu!! | Umbre | Gomorrah | Permanent Roommates | Detectorists | Kardes Payi | Silicon Valley | Bosch | Happy Valley | The Knick | Your Lie in April | Inside No. 9 | Kingdom | Broad City | Halt and Catch Fire | Healer | Outlander | The Leftovers | 24: Live Another Day | Olive Kitteridge | Penny Dreadful | Black Sails | Forever | Parasyte: The Maxim | Looking | How to Get Away with Murder | Star Wars: Rebels | Power | Chicago P.D. | The Missing | You're the Worst | Mozart in the Jungle | TURN: Washington's Spies | Lovesick,film + film + film + film + film + film + film + film + film + film + film + film + film + film + film + film + film + film + film + film + film + film + film + film + film + film + film + film + film + film + film + film + film + serie + serie + serie + serie + serie + serie + serie + serie + serie + serie + serie + serie + serie + serie + serie + serie + serie + serie + serie + serie + serie + serie + serie + serie + serie + serie + serie + serie + serie + serie + serie + serie + serie + serie + serie + serie + serie + serie + serie + serie + serie + serie
93,2015,12064575,Thani Oruvan | Visaaranai | Premam | Winter on Fire: Ukraine's Fight for Freedom | Drishyam | Mad Max: Fury Road | Inside Out | Spotlight | Room | Bajrangi Bhaijaan | Guilty | Masaan | RangiTaranga | Charlie | The Martian | The Revenant | Baahubali: The Beginning | Going Clear: Scientology & the Prison of Belief | Manjhi: The Mountain Man | Requiem for the American Dream | Baby | Ivy | Star Wars: Episode VII - The Force Awakens | The Hateful Eight | The Big Short | BB Ki Vines | TVF Pitchers | Better Call Saul | Taskmaster | Reply 1988 | Critical Role | Narcos | One Punch Man | The Bureau | Content Cop | Daredevil | The Jinx: The Life and Deaths of Robert Durst | Skam | Merlí | Mr. Robot | The Expanse | The Last Kingdom | Schitt's Creek | Making a Murderer | Chef's Table | Ash vs Evil Dead | Unforgotten | This Is England '90 | Dragon Ball Super | Fauda | Poldark | Dirin Dirin | Call My Agent! | Sense8 | Master of None | Grace and Frankie | Catastrophe | Patriot | Wolf Hall | For My Son | Vis a vis | Galavant | F Is for Family | Sneaky Pete | Trapped | Assasination Classroom | Life in Pieces | Deutschland 83 | Jonathan Strange & Mr Norrell | Code Black | Food Wars: Shokugeki no Soma | Shahrzad,film + film + film + film + film + film + film + film + film + film + film + film + film + film + film + film + film + film + film + film + film + film + film + film + film + serie + serie + serie + serie + serie + serie + serie + serie + serie + serie + serie + serie + serie + serie + serie + serie + serie + serie + serie + serie + serie + serie + serie + serie + serie + serie + serie + serie + serie + serie + serie + serie + serie + serie + serie + serie + serie + serie + serie + serie + serie + serie + serie + serie + serie + serie + serie
94,2016,12997930,Mirror Game | O.J.: Made in America | Your Name. | Dangal | Sairat | Aruvi | Maheshinte Prathikaaram | The Mountain II | 13th | Before the Flood | Life and a Day | Dhuruvangal Pathinaaru | Hacksaw Ridge | The Handmaiden | A Silent Voice: The Movie | Deadpool | La La Land | Zootopia | Lion | The Invisible Guest | M.S. Dhoni: The Untold Story | Pink | The Red Pill | Arrival | Sing Street | Airlift | I Am Not Your Negro | The Other Me | Captain America: Civil War | Rogue One: A Star Wars Story | Planet Earth II | Fleabag | This Is Us | The Grand Tour | Stranger Things | The Crown | Atlanta | Guardian: The Lonely and Great God | Letterkenny | Moon Lovers: Scarlet Heart Ryeo | Mob Psycho 100 | TVF Tripling | Horace and Pete | Signal | Westworld | The Night Of | American Crime Story | Erased | Inside Look: The People v. O.J. Simpson - American Crime Story | Trollhunters: Tales of Arcadia | Billions | The Young Pope | Weightlifting Fairy Kim Bok-Joo | The Disastrous Life of Saiki K. | The Good Place | My Hero Academia | Animal Kingdom | Victoria | Love Doesn't Understand Words | Kim's Convenience | Descendants of the Sun | The Get Down | The Durrells | Yuri!!! On Ice | 11.22.63 | Dirk Gently's Holistic Detective Agency | Goliath | Re: Zero - Starting Life in Another World | War & Peace | Insecure | Insider | Legend of the Blue Sea | High Maintenance | Lucifer | The Night Manager | Travelers | Queen of the South | Vice Principals | Brave and Beautiful | W | Quarry | BrainDead | Good Behavior | Voltron: Legendary Defender,film + film + film + film + film + film + film + film + film + film + film + film + film + film + film + film + film + film + film + film + film + film + film + film + film + film + film + film + film + film + serie + serie + serie + serie + serie + serie + serie + serie + serie + serie + serie + serie + serie + serie + serie + serie + serie + serie + serie + serie + serie + serie + serie + serie + serie + serie + serie + serie + serie + serie + serie + serie + serie + serie + serie + serie + serie + serie + serie + serie + serie + serie + serie + serie + serie + serie + serie + serie + serie + serie + serie + serie + serie + serie
95,2017,10638486,"Coco | Baahubali 2: The Conclusion | Vikram Vedha | Ayla: The Daughter of War | Theeran Adhigaram Ondru | Logan | Three Billboards Outside Ebbing, Missouri | The Dawn Wall | Blade Runner 2049 | Thor: Ragnarok | Wonder | Icarus | A Taxi Driver | Arjun Reddy | Dunkirk | Get Out | Blue Planet II | The Chosen | The Chosen | The Vietnam War | Koombiyo | Black Pearl | Black Sun | Dark | The Marvelous Mrs. Maisel | Mindhunter | Anne with an E | Ozark | Twin Peaks | The Defiant Ones | The Punisher | Big Little Lies | Snowfall | Babylon Berlin | Stranger | The Handmaid's Tale | Taboo | Castlevania | The Good Fight | Feud | Masum | Made in Abyss | DuckTales | While You Were Sleeping | Money Heist | Atypical | Godless | Black Clover | Genius | 4 Blocks | Legion | Manhunt | Happy! | American Vandal | The Deuce | Strong Girl Bong-soon | One Day at a Time | Fight for My Way | The End of the F***ing World | The Good Doctor | The Orville | GLOW | Counterpart | The Keepers",film + film + film + film + film + film + film + film + film + film + film + film + film + film + film + film + serie + serie + serie + serie + serie + serie + serie + serie + serie + serie + serie + serie + serie + serie + serie + serie + serie + serie + serie + serie + serie + serie + serie + serie + serie + serie + serie + serie + serie + serie + serie + serie + serie + serie + serie + serie + serie + serie + serie + serie + serie + serie + serie + serie + serie + serie + serie + serie
96,2018,7745341,Pariyerum Perumal | Resurrection | 96 | Avengers: Infinity War | Spider-Man: Into the Spider-Verse | Capernaum | Vada Chennai | Mahanati | Raatchasan | Won't You Be My Neighbor? | Green Book | Andhadhun | K.G.F: Chapter 1 | Tumbbad | They Shall Not Grow Old | Rangasthalam | Champion | Free Solo | I Want to Eat Your Pancreas | The Wild Pear Tree | Minding the Gap | Bohemian Rhapsody | Shoplifters | Badhaai Ho | Pad Man | Bluey | Persona | My Mister | Yeh Meri Family | Succession | Flames | Mr Inbetween | Pew News | Mr. Sunshine | Yellowstone | Pose | My Brilliant Friend | Hilda | The Haunting of Hill House | Sacred Games | Derry Girls | Queer Eye | Broken But Beautiful | Cobra Kai | Mirzapur | Violet Evergarden | Steins;Gate 0 | Barry | Narcos: Mexico | College Romance | Who Is America? | Car Masters: Rust to Riches | Final Space | The Kominsky Method | The Dragon Prince | Breathe | Apharan | Killing Eve | Wild Wild Country | She-Ra and the Princesses of Power | That Time I Got Reincarnated as a Slime | Dirty Money | Banana Fish | Tom Clancy's Jack Ryan | Bodyguard | Sharp Objects | The Rookie | The Mechanism | Patrick Melrose | What's Wrong with Secretary Kim | Kidding | Rascal Does Not Dream of Bunny Girl Senpai | The Looming Tower | Pagan Peak | Explained | Something in the Rain | Altered Carbon,film + film + film + film + film + film + film + film + film + film + film + film + film + film + film + film + film + film + film + film + film + film + film + film + film + serie + serie + serie + serie + serie + serie + serie + serie + serie + serie + serie + serie + serie + serie + serie + serie + serie + serie + serie + serie + serie + serie + serie + serie + serie + serie + serie + serie + serie + serie + serie + serie + serie + serie + serie + serie + serie + serie + serie + serie + serie + serie + serie + serie + serie + serie + serie + serie + serie + serie + serie + serie
97,2019,15158597,"Parasite | Jersey | Kumbalangi Nights | For Sama | Avengers: Endgame | Kaithi | Asuran | Joker | Chhichhore | Agent Sai Srinivasa Athreya | 1917 | Klaus | Uri: The Surgical Strike | Miracle in Cell No. 7 | Super Deluxe | Pocket Hercules: Naim Süleymanoglu | Ford v Ferrari | Article 15 | The Tashkent Files | Apollo 11 | Section 375 | Collective | Portrait of a Lady on Fire | Honeyland | The Blue Elephant 2 | Knives Out | Jojo Rabbit | Marriage Story | Togo | Gully Boy | Super 30 | Sonchiriya | The Irishman | Chernobyl | Our Planet | Gullak | Halka | Kota Factory | Azize | When They See Us | Vinland Saga | The Family Man | Crash Landing on You | The Untamed | The Boys | The Mandalorian | Demon Slayer: Kimetsu no Yaiba | What We Do in the Shadows | Primal | Greatest Events of WWII in Colour | ImMATURE | Formula 1: Drive to Survive | Delhi Crime | Kaguya-sama: Love is War | Hostel Daze | Fruits Basket | Love, Death & Robots | After Life | Warrior | Harley Quinn | Ghosts | The Dark Crystal: Age of Resistance | Brassic | Infinity Train | Euphoria | Unbelievable | Kingdom | Sugarland | Years and Years | Why Women Kill | Wayne | Wu-Tang: An American Saga | Sex Education | Watchmen | The Morning Show | Undone | Dororo | Gentleman Jack | Exit | Made in Heaven | Amphibia | For All Mankind | The Righteous Gemstones | The Promised Neverland | Dr. Stone | ZeroZeroZero | Godfather of Harlem | Criminal Justice | Hotel Del Luna | PEN15 | Helluva Boss | Vagabond | Tacoma FD | Good Omens | Don't F**k with Cats: Hunting an Internet Killer | The Capture | I Think You Should Leave with Tim Robinson | Ramy | Looking for Alaska | Abhay | The Witcher",film + film + film + film + film + film + film + film + film + film + film + film + film + film + film + film + film + film + film + film + film + film + film + film + film + film + film + film + film + film + film + film + film + serie + serie + serie + serie + serie + serie + serie + serie + serie + serie + serie + serie + serie + serie + serie + serie + serie + serie + serie + serie + serie + serie + serie + serie + serie + serie + serie + serie + serie + serie + serie + serie + serie + serie + serie + serie + serie + serie + serie + serie + serie + serie + serie + serie + serie + serie + serie + serie + serie + serie + serie + serie + serie + serie + serie + serie + serie + serie + serie + serie + serie + serie + serie + serie + serie + serie + serie + serie
98,2020,4385715,"Demon Slayer: Kimetsu no Yaiba - Mt. Natagumo Arc | Soorarai Pottru | Attack on Titan: Chronicle | Dil Bechara | Hamilton | Violet Evergarden: The Movie | The Father | Demon Slayer: Kimetsu no Yaiba - The Movie: Mugen Train | Dara of Jasenovac | My Octopus Teacher | Soul | Wolfwalkers | Quo Vadis, Aida? | Ayyappanum Koshiyum | The Book of Sun | Anjaam Pathiraa | Scam 1992: The Harshad Mehta Story | Scam 1992 | The Last Dance | Panchayat | Ted Lasso | How to with John Wilson | It's Okay to Not Be Okay | Special OPS | The Owl House | All Creatures Great & Small | Bandish Bandits | Mr. Queen | The Queen's Gambit | Jujutsu Kaisen | Asur: Welcome to Your Dark Side | Smiling Friends | Flower of Evil | Staged | Normal People | Ethos | Julie and the Phantoms | Operation MBBS | Paatal Lok | The Midnight Gospel | Dave | Caliphate | The Great | The Frog | I May Destroy You | I Know This Much Is True | Itaewon Class | Zoey's Extraordinary Playlist | The King: Eternal Monarch | The Trials of Gabriel Fernandez | Unorthodox | Paranormal | Gangs of London | Rise of Empires: Ottoman | Love, Victor | The New Pope | Start-Up | Trying | The Uncanny Counter | Dorohedoro",film + film + film + film + film + film + film + film + film + film + film + film + film + film + film + film + serie + serie + serie + serie + serie + serie + serie + serie + serie + serie + serie + serie + serie + serie + serie + serie + serie + serie + serie + serie + serie + serie + serie + serie + serie + serie + serie + serie + serie + serie + serie + serie + serie + serie + serie + serie + serie + serie + serie + serie + serie + serie + serie + serie
99,2021,8133784,"The Silence of Swastika | #Home | Jai Bhim | Toma | Demon Slayer: Kimetsu no Yaiba - Tsuzumi Mansion Arc | Sarpatta Parambarai | Drishyam 2 | Shershaah | Sardar Udham | The Rescue | Spider-Man: No Way Home | Maanaadu | Seaspiracy | The Great Indian Kitchen | Dune: Part One | CODA | Farha | Karnan | Evangelion: 3.0+1.01 Thrice Upon a Time | Summer of Soul (...Or, When the Revolution Could Not Be Televised) | Malik | Zack Snyder's Justice League | Flee | The Alpinist | Aspirants | The Legend of Hanuman | Arcane | Clarkson's Farm | As If | The Beatles: Get Back | Dhindora | Not Me | Harga | Invincible | 1883 | Dopesick | It's a Sin | Mouse | Mumbai Diaries | Tear Along the Dotted Line | Move to Heaven | Mare of Easttown | Vincenzo | Ranking of Kings | Maid | Reservation Dogs | Hometown Cha-Cha-Cha | Special Ops 1.5: The Himmat Story | To Your Eternity | Loki | Mayor of Kingstown | Hacks | Young Royals | Abbott Elementary | Time | Mushoku Tensei: Jobless Reincarnation | Our Beloved Summer | 86 | D.P. | Only Murders in the Building | Resident Alien | Leverage: Redemption | Snowdrop | Squid Game | The White Lotus | Dexter: New Blood | Scenes from a Marriage | Young Rock | Horimiya | Kin | Candy | The Billion Dollar Code | Heels | WandaVision",film + film + film + film + film + film + film + film + film + film + film + film + film + film + film + film + film + film + film + film + film + film + film + film + serie + serie + serie + serie + serie + serie + serie + serie + serie + serie + serie + serie + serie + serie + serie + serie + serie + serie + serie + serie + serie + serie + serie + serie + serie + serie + serie + serie + serie + serie + serie + serie + serie + serie + serie + serie + serie + serie + serie + serie + serie + serie + serie + serie + serie + serie + serie + serie + serie + serie
100,2022,7632858,777 Charlie | Rocketry: The Nambi Effect | Daman | The Kashmir Files | Sita Ramam | The Legend of Maula Jatt | Vikram | Jana Gana Mana | Kaun Pravin Tambe? | Top Gun: Maverick | K.G.F: Chapter 2 | Kantara | Drishyam 2 | What Is a Woman? | Major | Hridayam | Love Today | The First Slam Dunk | BTS Permission to Dance on Stage - Seoul: Live Viewing | Thiruchitrambalam | Leila's Brothers | The Batman | Everything Everywhere All at Once | Bleach: Thousand-Year Blood War | NCR Days | Rocket Boys | Severance | Alchemy of Souls | Campus Diaries | The Offer | Extraordinary Attorney Woo | Twenty Five Twenty One | Shoresy | The Bear | Andor | Heartstopper | The Rehearsal | Pantheon | Sixer | The Legend of Vox Machina | Bosch: Legacy | This Is Going to Hurt | Pachinko | Weak Hero Class 1 | Prehistoric Planet | House of the Dragon | Peacemaker | Slow Horses | Cyberpunk: Edgerunners | 1923 | Chainsaw Man | Star Trek: Strange New Worlds | Spy x Family | Winning Time: The Rise of the Lakers Dynasty | Welcome to Wrexham | Julia | Bad Sisters | The Glory | Rogue Heroes | Somebody Somewhere | Feels Like Home | Black Bird | Tokyo Vice | The Gilded Age | Star Wars: Tales of the Jedi | Business Proposal | Cunk on Earth | Blue Lock | Colin from Accounts | Khakee: The Bihar Chapter | Cat | Maestro | Power Book IV: Force | Suzhal - The Vortex | Wednesday | Reacher | Tulsa King | Tomorrow | Karm Yuddh | The Great Weddings of Munnes | Jeen-yuhs: A Kanye Trilogy,film + film + film + film + film + film + film + film + film + film + film + film + film + film + film + film + film + film + film + film + film + film + film + serie + serie + serie + serie + serie + serie + serie + serie + serie + serie + serie + serie + serie + serie + serie + serie + serie + serie + serie + serie + serie + serie + serie + serie + serie + serie + serie + serie + serie + serie + serie + serie + serie + serie + serie + serie + serie + serie + serie + serie + serie + serie + serie + serie + serie + serie + serie + serie + serie + serie + serie + serie + serie + serie + serie + serie + serie + serie
101,2023,4932231,12th Fail | Spider-Man: Across the Spider-Verse | 20 Days in Mariupol | Oppenheimer | Kaiva | Lost Ladies | 2018 | Hi Nanna | Viduthalai: Part 1 | Still: A Michael J. Fox Movie | Sirf Ek Bandaa Kaafi Hai | Taylor Swift: The Eras Tour | Por Thozhil | Jigarthanda Double X | Guardians of the Galaxy Vol. 3 | The Holdovers | Perfect Days | Sapne Vs Everyone | Sandeep Bhaiya | Frieren: Beyond Journey's End | Another Love | Blue Eye Samurai | The Last of Us | Scavengers Reign | Lucky Guy | The Railway Men | Death's Game | The Apothecary Diaries | A Small Light | Moving | The Prince | One Piece | Farzi | Oshi No Ko | Jury Duty | Lessons in Chemistry | Fellow Travelers | Silo | Shrinking | Taaza Khabar | Daisy Jones & The Six | Beckham | Hell's Paradise: Jigokuraku | Bloodhounds | Pluto | Blue Lights | Beef | The Diplomat | Arnold | Drops of God | The Artful Dodger | Kaala Paani | The Fall of the House of Usher,film + film + film + film + film + film + film + film + film + film + film + film + film + film + film + film + film + serie + serie + serie + serie + serie + serie + serie + serie + serie + serie + serie + serie + serie + serie + serie + serie + serie + serie + serie + serie + serie + serie + serie + serie + serie + serie + serie + serie + serie + serie + serie + serie + serie + serie + serie + serie
102,2024,2914675,Attack on Titan the Movie: The Last Attack | Solo Leveling: ReAwakening | Dune: Part Two | Intoxicated by Love | Maharaja | Meiyazhagan | No Other Land | The Wild Robot | I'm Still Here | Manjummel Boys | The Remarkable Life of Ibelin | Amaran | Lucky Baskhar | Kishkindha Kaandam | Flow | Maidaan | How to Make Millions Before Grandma Dies | The Greatest Night in Pop | X-Men '97 | Shōgun | The Penguin | Solo Leveling | Very Parivarik | Common Side Effects | Lovely Runner | Like There's No Tomorrow | Dandadan | Mr Bates vs. The Post Office | Fallout | Kaiju No. 8 | One Hundred Years of Solitude | Landman | Dexter: Original Sin | Queen of Tears | Senna | Wolf Hall: The Mirror and the Light | Say Nothing | The Day of the Jackal | Ripley | One Day | Ludwig | The Gentlemen | The Tattooist of Auschwitz | Maamla Legal Hai | Delicious in Dungeon,film + film + film + film + film + film + film + film + film + film + film + film + film + film + film + film + film + film + serie + serie + serie + serie + serie + serie + serie + serie + serie + serie + serie + serie + serie + serie + serie + serie + serie + serie + serie + serie + serie + serie + serie + serie + serie + serie + serie
103,2025,624785,Oficina do Diabo | How to Train Your Dragon | Ne Zha 2 | Rekhachithram | Dragon | When Life Gives You Tangerines | The Pitt | Legend of Zang Hai | MobLand | Dept. Q | Adolescence | Wolf Hall: The Mirror and the Light on Masterpiece | Daredevil: Born Again | The Studio | American Primeval,film + film + film + film + film + serie + serie + serie + serie + serie + serie + serie + serie + serie + serie
